strategy,structure,underlying,decision_open,fill_open,fill_close,close_reason,width,net_entry_cash,open_cost,close_cost,max_profit,max_loss,realized_pnl,holding_days,spy_return_in_trade_pct,vix_at_entry,vix_at_exit,vix_change_in_trade,dgs10_at_entry,dgs10_at_exit,dgs10_change_in_trade,hyg_lqd_ratio_at_entry,trend_at_entry,vol_at_entry,rates_at_entry,credit_at_entry,macro_regime_at_entry,event_CPI_in_trade,event_FOMC_in_trade,event_FOMC_MINUTES_in_trade,event_count_during_trade,cpi_event_during_trade,fomc_event_during_trade,high_importance_event_during_trade,events_during_trade,nearest_event_before_entry,days_since_nearest_event_before_entry
bull_call,bull_call_spread,SPY,2022-01-03,2022-01-04,2022-01-13,dte_exit,8.0,-395.0,6.799999999999993,4.299999999999999,405.0,-395.0,-305.1,9,-2.726407654800722,16.90999984741211,20.309999465942383,3.3999996185302734,1.66,1.7,0.040000000000000036,0.6155429492531813,up,mid,up,risk_on,trend=up|vol=mid|rates=up|credit=risk_on,True,False,False,1,True,False,True,CPI:CPI release,,
bull_call,bull_call_spread,SPY,2022-01-18,2022-01-19,2022-01-27,dte_exit,8.0,-353.0,7.799999999999971,5.800000000000001,447.0,-353.0,-301.59999999999997,8,-4.540114286107122,23.850000381469727,30.489999771118164,6.6399993896484375,1.83,1.81,-0.020000000000000018,0.6219579454062257,flat,mid,up,risk_on,trend=flat|vol=mid|rates=up|credit=risk_on,False,True,False,1,False,True,True,FOMC:FOMC January meeting statement,2022-01-12 CPI CPI release,7.0
bull_call,bull_call_spread,SPY,2022-02-22,2022-02-23,2022-03-07,dte_exit,9.0,-367.0,8.299999999999962,6.799999999999993,533.0,-367.0,-92.09999999999995,12,-0.5972432156631569,31.020000457763672,36.45000076293945,5.430000305175781,1.99,1.78,-0.20999999999999996,0.6290250828835173,down,high,up,risk_on,trend=down|vol=high|rates=up|credit=risk_on,False,False,False,0,False,False,False,,2022-02-16 FOMC_MINUTES January FOMC minutes release,7.0
bull_call,bull_call_spread,SPY,2022-03-07,2022-03-08,2022-03-21,profit_target,9.0,-440.0,10.300000000000008,21.79999999999985,460.0,-440.0,258.90000000000015,13,7.092028482080792,35.130001068115234,23.530000686645508,-11.600000381469727,1.86,2.32,0.45999999999999974,0.6273353127525415,down,high,stable,neutral,trend=down|vol=high|rates=stable|credit=neutral,True,True,False,2,True,True,True,CPI:CPI release; FOMC:FOMC March meeting statement / first 2022 rate hike,2022-02-16 FOMC_MINUTES January FOMC minutes release,20.0
bull_call,bull_call_spread,SPY,2022-04-04,2022-04-05,2022-04-25,dte_exit,9.0,-372.0,7.3000000000000265,3.3000000000000003,528.0,-372.0,-361.6,20,-4.993023752847003,21.030000686645508,27.020000457763672,5.989999771118164,2.54,2.81,0.27,0.6390174000309382,up,mid,up,risk_on,trend=up|vol=mid|rates=up|credit=risk_on,True,False,True,2,True,True,True,FOMC_MINUTES:March FOMC minutes release; CPI:CPI release,2022-03-16 FOMC FOMC March meeting statement / first 2022 rate hike,20.0
bull_call,bull_call_spread,SPY,2022-04-25,2022-04-26,2022-05-16,dte_exit,9.0,-346.0,12.799999999999955,3.3000000000000003,554.0,-346.0,-332.09999999999997,20,-3.847647924155684,33.52000045776367,27.46999931335449,-6.050001144409183,2.77,2.88,0.10999999999999988,0.6488954980323607,down,high,up,risk_on,trend=down|vol=high|rates=up|credit=risk_on,True,True,False,2,True,True,True,FOMC:FOMC May meeting statement; CPI:CPI release,2022-04-12 CPI CPI release,14.0
bull_call,bull_call_spread,SPY,2022-05-23,2022-05-24,2022-06-10,dte_exit,9.0,-392.0,7.3000000000000265,6.300000000000048,508.0,-392.0,-126.60000000000014,17,-1.038363724596536,29.450000762939453,27.75,-1.7000007629394531,2.76,3.15,0.3900000000000001,0.6379225587891799,down,high,stable,risk_off,trend=down|vol=high|rates=stable|credit=risk_off,True,False,True,2,True,True,True,FOMC_MINUTES:May FOMC minutes release; CPI:CPI release,2022-05-11 CPI CPI release,13.0
bull_call,bull_call_spread,SPY,2022-06-13,2022-06-14,2022-06-30,force_close_final_bar,9.0,-417.0,13.799999999999978,8.799999999999995,483.0,-417.0,-5.599999999999973,16,1.3399382529098114,32.689998626708984,28.709999084472656,-3.979999542236328,3.49,2.98,-0.5100000000000002,0.6432056821316546,down,high,up,neutral,trend=down|vol=high|rates=up|credit=neutral,False,True,False,1,False,True,True,FOMC:FOMC June meeting statement,2022-06-10 CPI CPI release,4.0
bear_put,bear_put_spread,SPY,2022-01-03,2022-01-04,2022-01-13,dte_exit,8.0,-241.00000000000006,7.800000000000016,17.300000000000036,559.0,-241.00000000000006,227.8999999999999,9,-2.726407654800722,16.90999984741211,20.309999465942383,3.3999996185302734,1.66,1.7,0.040000000000000036,0.6155429492531813,up,mid,up,risk_on,trend=up|vol=mid|rates=up|credit=risk_on,True,False,False,1,True,False,True,CPI:CPI release,,
bear_put,bear_put_spread,SPY,2022-01-18,2022-01-19,2022-01-27,dte_exit,8.0,-354.0,14.80000000000009,91.79999999999995,446.0,-354.0,85.39999999999995,8,-4.540114286107122,23.850000381469727,30.489999771118164,6.6399993896484375,1.83,1.81,-0.020000000000000018,0.6219579454062257,flat,mid,up,risk_on,trend=flat|vol=mid|rates=up|credit=risk_on,False,True,False,1,False,True,True,FOMC:FOMC January meeting statement,2022-01-12 CPI CPI release,7.0
bear_put,bear_put_spread,SPY,2022-01-31,2022-02-01,2022-02-10,dte_exit,9.0,-256.0,9.30000000000003,9.800000000000018,644.0,-256.0,36.89999999999984,9,-0.801408492853084,21.959999084472656,23.90999984741211,1.9500007629394531,1.81,2.03,0.21999999999999975,0.6186950620514777,down,mid,up,risk_on,trend=down|vol=mid|rates=up|credit=risk_on,True,False,False,1,True,False,True,CPI:CPI release,2022-01-26 FOMC FOMC January meeting statement,6.0
bear_put,bear_put_spread,SPY,2022-02-14,2022-02-15,2022-02-24,dte_exit,9.0,-254.0,14.800000000000045,22.299999999999926,646.0,-254.0,195.90000000000003,9,-3.9901430106125013,25.700000762939453,30.31999969482422,4.619998931884766,2.05,1.96,-0.08999999999999986,0.6262306580565283,down,high,up,neutral,trend=down|vol=high|rates=up|credit=neutral,False,False,True,1,False,True,False,FOMC_MINUTES:January FOMC minutes release,2022-02-10 CPI CPI release,5.0
bear_put,bear_put_spread,SPY,2022-02-28,2022-03-01,2022-03-10,dte_exit,9.0,-410.9999999999998,18.299999999999837,27.79999999999999,489.0000000000002,-410.9999999999998,24.900000000000396,9,-1.046555825339135,33.31999969482422,30.229999542236328,-3.0900001525878906,1.72,1.98,0.26,0.6214254676516953,down,high,stable,neutral,trend=down|vol=high|rates=stable|credit=neutral,True,False,False,1,True,False,True,CPI:CPI release,2022-02-16 FOMC_MINUTES January FOMC minutes release,13.0
bear_put,bear_put_spread,SPY,2022-03-14,2022-03-15,2022-04-04,dte_exit,9.0,-296.0,22.300000000000107,3.299999999999998,604.0,-296.0,-307.60000000000014,20,7.520271696142422,29.82999992370605,18.56999969482422,-11.260000228881832,2.15,2.42,0.27,0.6305434870621143,down,high,up,risk_on,trend=down|vol=high|rates=up|credit=risk_on,False,True,False,1,False,True,True,FOMC:FOMC March meeting statement / first 2022 rate hike,2022-03-10 CPI CPI release,5.0
bear_put,bear_put_spread,SPY,2022-04-04,2022-04-05,2022-04-25,dte_exit,9.0,-395.0,35.300000000000004,50.30000000000004,505.0,-395.0,284.4,20,-4.993023752847003,21.030000686645508,27.020000457763672,5.989999771118164,2.54,2.81,0.27,0.6390174000309382,up,mid,up,risk_on,trend=up|vol=mid|rates=up|credit=risk_on,True,False,True,2,True,True,True,FOMC_MINUTES:March FOMC minutes release; CPI:CPI release,2022-03-16 FOMC FOMC March meeting statement / first 2022 rate hike,20.0
bear_put,bear_put_spread,SPY,2022-05-02,2022-05-03,2022-05-19,profit_target,9.0,-329.0,10.300000000000008,66.30000000000005,571.0,-329.0,254.39999999999992,16,-6.465234300843914,29.25,29.350000381469727,0.10000038146972656,2.97,2.84,-0.13000000000000034,0.6559535107412401,down,high,up,risk_on,trend=down|vol=high|rates=up|credit=risk_on,True,True,False,2,True,True,True,FOMC:FOMC May meeting statement; CPI:CPI release,2022-04-12 CPI CPI release,21.0
bear_put,bear_put_spread,SPY,2022-05-23,2022-05-24,2022-06-10,dte_exit,9.0,-445.9999999999998,33.79999999999995,29.300000000000043,454.0000000000002,-445.9999999999998,-54.09999999999977,17,-1.038363724596536,29.450000762939453,27.75,-1.7000007629394531,2.76,3.15,0.3900000000000001,0.6379225587891799,down,high,stable,risk_off,trend=down|vol=high|rates=stable|credit=risk_off,True,False,True,2,True,True,True,FOMC_MINUTES:May FOMC minutes release; CPI:CPI release,2022-05-11 CPI CPI release,13.0
bear_put,bear_put_spread,SPY,2022-06-13,2022-06-14,2022-06-30,force_close_final_bar,8.0,-392.0,14.300000000000189,8.799999999999995,408.0,-392.0,-99.10000000000029,16,1.3399382529098114,32.689998626708984,28.709999084472656,-3.979999542236328,3.49,2.98,-0.5100000000000002,0.6432056821316546,down,high,up,neutral,trend=down|vol=high|rates=up|credit=neutral,False,True,False,1,False,True,True,FOMC:FOMC June meeting statement,2022-06-10 CPI CPI release,4.0
bull_put,bull_put_spread,SPY,2022-01-03,2022-01-04,2022-01-13,dte_exit,8.0,124.99999999999994,6.800000000000037,11.299999999999942,124.99999999999994,-675.0,-195.10000000000005,9,-2.726407654800722,16.90999984741211,20.309999465942383,3.3999996185302734,1.66,1.7,0.040000000000000036,0.6155429492531813,up,mid,up,risk_on,trend=up|vol=mid|rates=up|credit=risk_on,True,False,False,1,True,False,True,CPI:CPI release,,
bull_put,bull_put_spread,SPY,2022-01-18,2022-01-19,2022-01-27,dte_exit,7.0,164.0,7.3000000000000265,55.29999999999993,164.0,-536.0,-302.59999999999997,8,-4.540114286107122,23.850000381469727,30.489999771118164,6.6399993896484375,1.83,1.81,-0.020000000000000018,0.6219579454062257,flat,mid,up,risk_on,trend=flat|vol=mid|rates=up|credit=risk_on,False,True,False,1,False,True,True,FOMC:FOMC January meeting statement,2022-01-12 CPI CPI release,7.0
bull_put,bull_put_spread,SPY,2022-01-31,2022-02-01,2022-02-10,dte_exit,9.0,119.0,7.299999999999982,8.299999999999983,119.0,-781.0,-50.59999999999991,9,-0.801408492853084,21.959999084472656,23.90999984741211,1.9500007629394531,1.81,2.03,0.21999999999999975,0.6186950620514777,down,mid,up,risk_on,trend=down|vol=mid|rates=up|credit=risk_on,True,False,False,1,True,False,True,CPI:CPI release,2022-01-26 FOMC FOMC January meeting statement,6.0
bull_put,bull_put_spread,SPY,2022-02-14,2022-02-15,2022-02-24,dte_exit,8.0,105.0,12.799999999999976,10.300000000000008,105.0,-695.0,-164.1,9,-3.9901430106125013,25.700000762939453,30.31999969482422,4.619998931884766,2.05,1.96,-0.08999999999999986,0.6262306580565283,down,high,up,neutral,trend=down|vol=high|rates=up|credit=neutral,False,False,True,1,False,True,False,FOMC_MINUTES:January FOMC minutes release,2022-02-10 CPI CPI release,5.0
bull_put,bull_put_spread,SPY,2022-02-28,2022-03-01,2022-03-10,dte_exit,8.0,192.0,15.800000000000024,7.3000000000000265,192.0,-608.0,-67.10000000000005,9,-1.046555825339135,33.31999969482422,30.229999542236328,-3.0900001525878906,1.72,1.98,0.26,0.6214254676516953,down,high,stable,neutral,trend=down|vol=high|rates=stable|credit=neutral,True,False,False,1,True,False,True,CPI:CPI release,2022-02-16 FOMC_MINUTES January FOMC minutes release,13.0
bull_put,bull_put_spread,SPY,2022-03-14,2022-03-15,2022-03-23,profit_target,8.0,130.0,18.29999999999997,3.800000000000001,130.0,-670.0,62.90000000000003,8,4.4603576563323255,29.82999992370605,23.56999969482422,-6.260000228881832,2.15,2.32,0.16999999999999993,0.6305434870621143,down,high,up,risk_on,trend=down|vol=high|rates=up|credit=risk_on,False,True,False,1,False,True,True,FOMC:FOMC March meeting statement / first 2022 rate hike,2022-03-10 CPI CPI release,5.0
bull_put,bull_put_spread,SPY,2022-03-28,2022-03-29,2022-04-19,dte_exit,9.0,122.0,6.799999999999993,7.800000000000016,122.0,-778.0,-179.6,21,-3.5770651438642886,18.899999618530277,21.3700008392334,2.4700012207031214,2.41,2.93,0.52,0.639892657856138,up,mid,up,risk_on,trend=up|vol=mid|rates=up|credit=risk_on,True,False,True,2,True,True,True,FOMC_MINUTES:March FOMC minutes release; CPI:CPI release,2022-03-16 FOMC FOMC March meeting statement / first 2022 rate hike,13.0
bull_put,bull_put_spread,SPY,2022-04-25,2022-04-26,2022-05-16,dte_exit,8.0,266.0,16.800000000000047,23.299999999999905,266.0,-534.0,-260.09999999999997,20,-3.847647924155684,33.52000045776367,27.46999931335449,-6.050001144409183,2.77,2.88,0.10999999999999988,0.6488954980323607,down,high,up,risk_on,trend=down|vol=high|rates=up|credit=risk_on,True,True,False,2,True,True,True,FOMC:FOMC May meeting statement; CPI:CPI release,2022-04-12 CPI CPI release,14.0
bull_put,bull_put_spread,SPY,2022-05-16,2022-05-17,2022-06-06,dte_exit,9.0,151.99999999999994,7.800000000000038,3.800000000000001,151.99999999999994,-748.0,57.3999999999999,20,0.8498235642246055,26.100000381469727,25.06999969482422,-1.0300006866455078,2.98,3.04,0.06000000000000005,0.6463180682163889,down,high,stable,risk_off,trend=down|vol=high|rates=stable|credit=risk_off,False,False,True,1,False,True,False,FOMC_MINUTES:May FOMC minutes release,2022-05-11 CPI CPI release,6.0
bull_put,bull_put_spread,SPY,2022-06-06,2022-06-07,2022-06-27,dte_exit,9.0,171.0,4.299999999999979,16.29999999999997,171.0,-729.0,-300.5999999999999,20,-6.126759514503699,24.020000457763672,26.950000762939453,2.9300003051757812,2.98,3.2,0.2200000000000002,0.650082623311666,flat,mid,stable,neutral,trend=flat|vol=mid|rates=stable|credit=neutral,True,True,False,2,True,True,True,CPI:CPI release; FOMC:FOMC June meeting statement,2022-05-25 FOMC_MINUTES May FOMC minutes release,13.0
bull_put,bull_put_spread,SPY,2022-06-27,2022-06-28,2022-06-30,force_close_final_bar,9.0,265.0,8.300000000000004,10.300000000000008,265.0,-635.0,-70.60000000000001,2,-0.8932014362422636,28.36000061035156,28.709999084472656,0.3499984741210973,3.2,2.98,-0.2200000000000002,0.6350827857339175,down,high,up,risk_off,trend=down|vol=high|rates=up|credit=risk_off,False,False,False,0,False,False,False,,2022-06-15 FOMC FOMC June meeting statement,13.0
