ticker,window_days,start_date,end_date,direction,return_pct,start_price,end_price
AAPL,21,2020-07-24,2020-08-24,up,36.13824051707297,89.67242431640625,122.07846069335938
AAPL,21,2020-07-28,2020-08-26,up,35.92197118108085,90.2896728515625,122.72350311279295
AAPL,21,2020-07-23,2020-08-21,up,34.19599121833545,89.89511108398438,120.63563537597656
AAPL,21,2020-07-27,2020-08-25,up,31.895447064711657,91.79768371582033,121.07696533203124
AAPL,21,2020-07-29,2020-08-27,up,31.771215668496033,92.02040100097656,121.25640106201172
AAPL,63,2020-06-03,2020-09-01,up,65.3813181110434,78.69757843017578,130.15109252929688
AAPL,63,2020-06-04,2020-09-02,up,63.36176190310883,78.01982879638672,127.4545669555664
AAPL,63,2020-03-23,2020-06-22,up,60.37863777423394,54.163700103759766,86.86700439453125
AAPL,63,2020-06-02,2020-08-31,up,59.92161679375545,78.26671600341797,125.16539764404295
AAPL,63,2020-05-28,2020-08-26,up,59.30954111296707,77.03462219238281,122.72350311279295
