cik,entity_name,form,filing_date,report_date,accession_number,primary_document,primary_doc_description,items,size,is_xbrl,document_url
0000320193,Apple Inc.,10-K,2024-11-01,2024-09-28,0000320193-24-000123,aapl-20240928.htm,10-K,,9759333,True,https://www.sec.gov/Archives/edgar/data/320193/000032019324000123/aapl-20240928.htm
0000320193,Apple Inc.,8-K,2024-10-31,2024-10-31,0000320193-24-000120,aapl-20241031.htm,8-K,"2.02,9.01",469716,True,https://www.sec.gov/Archives/edgar/data/320193/000032019324000120/aapl-20241031.htm
0000320193,Apple Inc.,8-K,2024-09-10,2024-09-10,0001140361-24-040659,ef20035718_8k.htm,FORM 8-K,7.01,1248169,True,https://www.sec.gov/Archives/edgar/data/320193/000114036124040659/ef20035718_8k.htm
0000320193,Apple Inc.,8-K,2024-08-26,2024-08-26,0001140361-24-038601,ny20033611x3_8k.htm,FORM 8-K,5.02,1242096,True,https://www.sec.gov/Archives/edgar/data/320193/000114036124038601/ny20033611x3_8k.htm
0000320193,Apple Inc.,8-K,2024-08-23,2024-08-20,0001140361-24-038403,ny20033611x2_8k.htm,8-K,"5.03,9.01",1131218,True,https://www.sec.gov/Archives/edgar/data/320193/000114036124038403/ny20033611x2_8k.htm
0000320193,Apple Inc.,10-Q,2024-08-02,2024-06-29,0000320193-24-000081,aapl-20240629.htm,10-Q,,5372771,True,https://www.sec.gov/Archives/edgar/data/320193/000032019324000081/aapl-20240629.htm
0000320193,Apple Inc.,8-K,2024-08-01,2024-08-01,0000320193-24-000080,aapl-20240801.htm,8-K,"2.02,9.01",437770,True,https://www.sec.gov/Archives/edgar/data/320193/000032019324000080/aapl-20240801.htm
0000320193,Apple Inc.,8-K,2024-05-03,2024-05-03,0001140361-24-024352,ef20028273_8k.htm,8-K,"7.01,9.01",1131483,True,https://www.sec.gov/Archives/edgar/data/320193/000114036124024352/ef20028273_8k.htm
0000320193,Apple Inc.,10-Q,2024-05-03,2024-03-30,0000320193-24-000069,aapl-20240330.htm,10-Q,,5284139,True,https://www.sec.gov/Archives/edgar/data/320193/000032019324000069/aapl-20240330.htm
0000320193,Apple Inc.,8-K,2024-05-02,2024-05-02,0000320193-24-000067,aapl-20240502.htm,8-K,"2.02,9.01",436360,True,https://www.sec.gov/Archives/edgar/data/320193/000032019324000067/aapl-20240502.htm
0000320193,Apple Inc.,8-K,2024-02-28,2024-02-28,0001140361-24-010155,ny20022580x1_8k.htm,FORM 8-K,5.07,859597,True,https://www.sec.gov/Archives/edgar/data/320193/000114036124010155/ny20022580x1_8k.htm
0000320193,Apple Inc.,10-Q,2024-02-02,2023-12-30,0000320193-24-000006,aapl-20231230.htm,10-Q,,4984121,True,https://www.sec.gov/Archives/edgar/data/320193/000032019324000006/aapl-20231230.htm
0000320193,Apple Inc.,8-K,2024-02-01,2024-02-01,0000320193-24-000005,aapl-20240201.htm,8-K,"2.02,9.01",412459,True,https://www.sec.gov/Archives/edgar/data/320193/000032019324000005/aapl-20240201.htm
0000320193,Apple Inc.,10-K,2023-11-03,2023-09-30,0000320193-23-000106,aapl-20230930.htm,10-K,,9569569,True,https://www.sec.gov/Archives/edgar/data/320193/000032019323000106/aapl-20230930.htm
0000320193,Apple Inc.,8-K,2023-11-02,2023-11-02,0000320193-23-000104,aapl-20231102.htm,8-K,"2.02,9.01",450675,True,https://www.sec.gov/Archives/edgar/data/320193/000032019323000104/aapl-20231102.htm
0000320193,Apple Inc.,10-Q,2023-08-04,2023-07-01,0000320193-23-000077,aapl-20230701.htm,10-Q,,5939898,True,https://www.sec.gov/Archives/edgar/data/320193/000032019323000077/aapl-20230701.htm
0000320193,Apple Inc.,8-K,2023-08-03,2023-08-03,0000320193-23-000075,aapl-20230803.htm,8-K,"2.02,9.01",452428,True,https://www.sec.gov/Archives/edgar/data/320193/000032019323000075/aapl-20230803.htm
0000320193,Apple Inc.,8-K,2023-05-10,2023-05-08,0001140361-23-023909,ny20007635x4_8k.htm,8-K,"8.01,9.01",932286,True,https://www.sec.gov/Archives/edgar/data/320193/000114036123023909/ny20007635x4_8k.htm
0000320193,Apple Inc.,10-Q,2023-05-05,2023-04-01,0000320193-23-000064,aapl-20230401.htm,10-Q,,6314786,True,https://www.sec.gov/Archives/edgar/data/320193/000032019323000064/aapl-20230401.htm
0000320193,Apple Inc.,8-K,2023-05-04,2023-05-04,0000320193-23-000063,aapl-20230504.htm,8-K,"2.02,9.01",493947,True,https://www.sec.gov/Archives/edgar/data/320193/000032019323000063/aapl-20230504.htm
0000320193,Apple Inc.,8-K,2023-03-10,2023-03-10,0001140361-23-011192,brhc10049413_8k.htm,8-K,5.07,312760,True,https://www.sec.gov/Archives/edgar/data/320193/000114036123011192/brhc10049413_8k.htm
0000320193,Apple Inc.,10-Q,2023-02-03,2022-12-31,0000320193-23-000006,aapl-20221231.htm,10-Q,,5915088,True,https://www.sec.gov/Archives/edgar/data/320193/000032019323000006/aapl-20221231.htm
0000320193,Apple Inc.,8-K,2023-02-02,2023-02-02,0000320193-23-000005,aapl-20230202.htm,8-K,"2.02,9.01",464814,True,https://www.sec.gov/Archives/edgar/data/320193/000032019323000005/aapl-20230202.htm
0000320193,Apple Inc.,8-K,2022-11-07,2022-11-06,0001193125-22-278435,d400465d8k.htm,8-K,"7.01,9.01",299395,True,https://www.sec.gov/Archives/edgar/data/320193/000119312522278435/d400465d8k.htm
0000320193,Apple Inc.,10-K,2022-10-28,2022-09-24,0000320193-22-000108,aapl-20220924.htm,10-K,,10332356,True,https://www.sec.gov/Archives/edgar/data/320193/000032019322000108/aapl-20220924.htm
0000320193,Apple Inc.,8-K,2022-10-27,2022-10-27,0000320193-22-000107,aapl-20221027.htm,8-K,"2.02,9.01",506714,True,https://www.sec.gov/Archives/edgar/data/320193/000032019322000107/aapl-20221027.htm
0000320193,Apple Inc.,8-K,2022-08-19,2022-08-17,0001193125-22-225365,d366128d8k.htm,8-K,"5.02,5.03,9.01",600283,True,https://www.sec.gov/Archives/edgar/data/320193/000119312522225365/d366128d8k.htm
0000320193,Apple Inc.,8-K,2022-08-08,2022-08-01,0001193125-22-214914,d297151d8k.htm,8-K,"8.01,9.01",729124,True,https://www.sec.gov/Archives/edgar/data/320193/000119312522214914/d297151d8k.htm
0000320193,Apple Inc.,10-Q,2022-07-29,2022-06-25,0000320193-22-000070,aapl-20220625.htm,10-Q,,6109993,True,https://www.sec.gov/Archives/edgar/data/320193/000032019322000070/aapl-20220625.htm
0000320193,Apple Inc.,8-K,2022-07-28,2022-07-28,0000320193-22-000069,aapl-20220728.htm,8-K,"2.02,9.01",506818,True,https://www.sec.gov/Archives/edgar/data/320193/000032019322000069/aapl-20220728.htm
0000320193,Apple Inc.,10-Q,2022-04-29,2022-03-26,0000320193-22-000059,aapl-20220326.htm,10-Q,,6140838,True,https://www.sec.gov/Archives/edgar/data/320193/000032019322000059/aapl-20220326.htm
0000320193,Apple Inc.,8-K,2022-04-28,2022-04-28,0000320193-22-000058,aapl-20220428.htm,8-K,"2.02,9.01",512525,True,https://www.sec.gov/Archives/edgar/data/320193/000032019322000058/aapl-20220428.htm
0000320193,Apple Inc.,8-K,2022-03-04,2022-03-04,0001193125-22-066169,d294699d8k.htm,8-K,"5.02,5.07,9.01",583449,True,https://www.sec.gov/Archives/edgar/data/320193/000119312522066169/d294699d8k.htm
0000320193,Apple Inc.,10-Q,2022-01-28,2021-12-25,0000320193-22-000007,aapl-20211225.htm,10-Q,,5669748,True,https://www.sec.gov/Archives/edgar/data/320193/000032019322000007/aapl-20211225.htm
0000320193,Apple Inc.,8-K,2022-01-27,2022-01-27,0000320193-22-000006,aapl-20220127.htm,8-K,"2.02,9.01",482245,True,https://www.sec.gov/Archives/edgar/data/320193/000032019322000006/aapl-20220127.htm
0000320193,Apple Inc.,8-K,2021-11-12,2021-11-09,0001193125-21-328151,d259993d8k.htm,8-K,"5.02,5.03,9.01",492640,True,https://www.sec.gov/Archives/edgar/data/320193/000119312521328151/d259993d8k.htm
0000320193,Apple Inc.,10-K,2021-10-29,2021-09-25,0000320193-21-000105,aapl-20210925.htm,10-K,,10502096,True,https://www.sec.gov/Archives/edgar/data/320193/000032019321000105/aapl-20210925.htm
0000320193,Apple Inc.,8-K,2021-10-28,2021-10-28,0000320193-21-000104,aapl-20211028.htm,8-K,"2.02,9.01",513310,True,https://www.sec.gov/Archives/edgar/data/320193/000032019321000104/aapl-20211028.htm
0000320193,Apple Inc.,8-K,2021-08-05,2021-07-29,0001193125-21-237787,d199884d8k.htm,8-K,"8.01,9.01",740826,True,https://www.sec.gov/Archives/edgar/data/320193/000119312521237787/d199884d8k.htm
0000320193,Apple Inc.,10-Q,2021-07-28,2021-06-26,0000320193-21-000065,aapl-20210626.htm,10-Q,,8446381,True,https://www.sec.gov/Archives/edgar/data/320193/000032019321000065/aapl-20210626.htm
0000320193,Apple Inc.,8-K,2021-07-27,2021-07-27,0000320193-21-000063,aapl-20210727.htm,8-K,"2.02,9.01",513921,True,https://www.sec.gov/Archives/edgar/data/320193/000032019321000063/aapl-20210727.htm
0000320193,Apple Inc.,10-Q,2021-04-29,2021-03-27,0000320193-21-000056,aapl-20210327.htm,10-Q,,8468959,True,https://www.sec.gov/Archives/edgar/data/320193/000032019321000056/aapl-20210327.htm
0000320193,Apple Inc.,8-K,2021-04-28,2021-04-28,0000320193-21-000055,aapl-20210428.htm,8-K,"2.02,9.01",517025,True,https://www.sec.gov/Archives/edgar/data/320193/000032019321000055/aapl-20210428.htm
0000320193,Apple Inc.,8-K,2021-02-24,2021-02-23,0001193125-21-054710,d101693d8k.htm,8-K,5.07,314778,True,https://www.sec.gov/Archives/edgar/data/320193/000119312521054710/d101693d8k.htm
0000320193,Apple Inc.,8-K,2021-02-08,2021-02-01,0001193125-21-032394,d70217d8k.htm,8-K,"8.01,9.01",875217,True,https://www.sec.gov/Archives/edgar/data/320193/000119312521032394/d70217d8k.htm
0000320193,Apple Inc.,10-Q,2021-01-28,2020-12-26,0000320193-21-000010,aapl-20201226.htm,10-Q,,7608244,True,https://www.sec.gov/Archives/edgar/data/320193/000032019321000010/aapl-20201226.htm
0000320193,Apple Inc.,8-K,2021-01-27,2021-01-27,0000320193-21-000009,aapl-20210127.htm,8-K,"2.02,9.01",486776,True,https://www.sec.gov/Archives/edgar/data/320193/000032019321000009/aapl-20210127.htm
0000320193,Apple Inc.,8-K,2021-01-05,2020-12-29,0001193125-21-001982,d29637d8k.htm,8-K,5.02,290029,True,https://www.sec.gov/Archives/edgar/data/320193/000119312521001982/d29637d8k.htm
0000320193,Apple Inc.,10-K,2020-10-30,2020-09-26,0000320193-20-000096,aapl-20200926.htm,10-K,,12502600,True,https://www.sec.gov/Archives/edgar/data/320193/000032019320000096/aapl-20200926.htm
0000320193,Apple Inc.,8-K,2020-10-29,2020-10-29,0000320193-20-000094,aapl-20201029.htm,8-K,"2.02,9.01",516927,True,https://www.sec.gov/Archives/edgar/data/320193/000032019320000094/aapl-20201029.htm
0000320193,Apple Inc.,8-K,2020-08-20,2020-08-13,0001193125-20-225672,d937363d8k.htm,8-K,"8.01,9.01",776989,True,https://www.sec.gov/Archives/edgar/data/320193/000119312520225672/d937363d8k.htm
0000320193,Apple Inc.,8-K,2020-08-07,2020-08-03,0001193125-20-213158,d49399d8k.htm,8-K,"5.03,9.01",303685,True,https://www.sec.gov/Archives/edgar/data/320193/000119312520213158/d49399d8k.htm
0000320193,Apple Inc.,10-Q,2020-07-31,2020-06-27,0000320193-20-000062,aapl-20200627.htm,10-Q,,11076413,True,https://www.sec.gov/Archives/edgar/data/320193/000032019320000062/aapl-20200627.htm
0000320193,Apple Inc.,8-K,2020-07-30,2020-07-30,0000320193-20-000060,aapl-20200730.htm,8-K,"2.02,9.01",628978,True,https://www.sec.gov/Archives/edgar/data/320193/000032019320000060/aapl-20200730.htm
0000320193,Apple Inc.,8-K,2020-05-11,2020-05-04,0001193125-20-139112,d926511d8k.htm,8-K,"8.01,9.01",771520,True,https://www.sec.gov/Archives/edgar/data/320193/000119312520139112/d926511d8k.htm
0000320193,Apple Inc.,10-Q,2020-05-01,2020-03-28,0000320193-20-000052,a10-qq220203282020.htm,10-Q,,10648806,True,https://www.sec.gov/Archives/edgar/data/320193/000032019320000052/a10-qq220203282020.htm
0000320193,Apple Inc.,8-K,2020-04-30,2020-04-30,0000320193-20-000050,a8-kq220203282020.htm,8-K,"2.02,9.01",593101,True,https://www.sec.gov/Archives/edgar/data/320193/000032019320000050/a8-kq220203282020.htm
0000320193,Apple Inc.,8-K,2020-02-27,2020-02-26,0001193125-20-050884,d865740d8k.htm,8-K,5.07,329670,True,https://www.sec.gov/Archives/edgar/data/320193/000119312520050884/d865740d8k.htm
0000320193,Apple Inc.,8-K,2020-02-18,2020-02-17,0001193125-20-039203,d845033d8k.htm,FORM 8-K,"7.01,9.01",310140,True,https://www.sec.gov/Archives/edgar/data/320193/000119312520039203/d845033d8k.htm
0000320193,Apple Inc.,10-Q,2020-01-29,2019-12-28,0000320193-20-000010,a10-qq1202012282019.htm,10-Q,,9292589,True,https://www.sec.gov/Archives/edgar/data/320193/000032019320000010/a10-qq1202012282019.htm
0000320193,Apple Inc.,8-K,2020-01-28,2020-01-28,0000320193-20-000008,a8-kq1202012282019.htm,8-K,"2.02,9.01",531866,True,https://www.sec.gov/Archives/edgar/data/320193/000032019320000008/a8-kq1202012282019.htm
0000320193,Apple Inc.,8-K,2019-11-15,2019-11-07,0001193125-19-292676,d828969d8k.htm,8-K,"8.01,9.01",645929,True,https://www.sec.gov/Archives/edgar/data/320193/000119312519292676/d828969d8k.htm
0000320193,Apple Inc.,10-K,2019-10-31,2019-09-28,0000320193-19-000119,a10-k20199282019.htm,10-K,,12861616,True,https://www.sec.gov/Archives/edgar/data/320193/000032019319000119/a10-k20199282019.htm
0000320193,Apple Inc.,8-K,2019-10-30,2019-10-30,0000320193-19-000117,a8-kq420199282019.htm,8-K,"2.02,9.01",576416,True,https://www.sec.gov/Archives/edgar/data/320193/000032019319000117/a8-kq420199282019.htm
0000320193,Apple Inc.,8-K,2019-09-13,2019-09-10,0000320193-19-000093,a8-kseptember201991019.htm,8-K,5.02,295855,True,https://www.sec.gov/Archives/edgar/data/320193/000032019319000093/a8-kseptember201991019.htm
0000320193,Apple Inc.,8-K,2019-09-11,2019-09-04,0001193125-19-242975,d777124d8k.htm,8-K,"8.01,9.01",777725,True,https://www.sec.gov/Archives/edgar/data/320193/000119312519242975/d777124d8k.htm
0000320193,Apple Inc.,10-Q,2019-07-31,2019-06-29,0000320193-19-000076,a10-qq320196292019.htm,10-Q,,10526242,True,https://www.sec.gov/Archives/edgar/data/320193/000032019319000076/a10-qq320196292019.htm
0000320193,Apple Inc.,8-K,2019-07-30,2019-07-30,0000320193-19-000073,a8-kq320196292019.htm,8-K,"2.02,9.01",303265,False,https://www.sec.gov/Archives/edgar/data/320193/000032019319000073/a8-kq320196292019.htm
0000320193,Apple Inc.,10-Q,2019-05-01,2019-03-30,0000320193-19-000066,a10-qq220193302019.htm,10-Q,,10459511,True,https://www.sec.gov/Archives/edgar/data/320193/000032019319000066/a10-qq220193302019.htm
0000320193,Apple Inc.,8-K,2019-04-30,2019-04-30,0000320193-19-000063,a8-kq220193302019.htm,8-K,"2.02,9.01",289828,False,https://www.sec.gov/Archives/edgar/data/320193/000032019319000063/a8-kq220193302019.htm
0000320193,Apple Inc.,8-K,2019-03-04,2019-03-01,0000320193-19-000032,copyofreference8-kform8xkq.htm,8-K,5.07,66912,False,https://www.sec.gov/Archives/edgar/data/320193/000032019319000032/copyofreference8-kform8xkq.htm
0000320193,Apple Inc.,8-K,2019-02-06,2019-02-05,0000320193-19-000026,a8-kfebruary2019252019.htm,8-K,5.02,29021,False,https://www.sec.gov/Archives/edgar/data/320193/000032019319000026/a8-kfebruary2019252019.htm
0000320193,Apple Inc.,10-Q,2019-01-30,2018-12-29,0000320193-19-000010,a10-qq1201912292018.htm,10-Q,,8176346,True,https://www.sec.gov/Archives/edgar/data/320193/000032019319000010/a10-qq1201912292018.htm
0000320193,Apple Inc.,8-K,2019-01-29,2019-01-29,0000320193-19-000007,a8-kq1201912292018.htm,8-K,"2.02,9.01",228420,False,https://www.sec.gov/Archives/edgar/data/320193/000032019319000007/a8-kq1201912292018.htm
0000320193,Apple Inc.,8-K,2019-01-02,2019-01-02,0000320193-19-000002,a8-kjanuary2019122019.htm,8-K,"2.02,9.01",66912,False,https://www.sec.gov/Archives/edgar/data/320193/000032019319000002/a8-kjanuary2019122019.htm
