year,1,2,3,4,5,6,7,8,9,10,11,12
2010,0.0,0.0,0.0,0.0,0.0,0.0,0.0,0.0,0.0,0.0,0.0,0.0
2011,0.0,0.0,0.0,0.0,0.0003307062984301279,-5.430190791244627e-05,0.0,0.0,0.0,0.0,0.004058004145194971,0.002937013540530442
2012,0.004942066507251264,0.0,0.0,0.00576274660289533,-0.006169003008540508,0.0,0.0,0.0,1.4628143266914861e-05,0.0006590906605883351,-0.00014907854251422492,0.0013403879818982833
2013,0.0,0.0,0.0,0.0,0.0,0.0,0.0,0.002224818691448638,-0.0004934513291183773,0.006707672589221891,-0.00043107066592973364,0.0
2014,0.0,0.0,0.0,0.0,0.0,0.0,0.0,0.0,0.0,0.0,0.0,0.0
2015,-0.0031678946348407955,0.007609599423241686,0.0,0.0,0.0,0.004426106046591327,0.006413911383620352,0.005343787888168361,0.0,0.0,0.0,0.0
2016,0.0031758169138722536,-0.009171520862613858,0.017583022210248878,0.0,0.0,0.0,0.0,0.0,0.0,0.0,0.0,-0.003475604072654126
2017,1.528586770938034e-05,-0.004039639407147799,-0.0005993185247242794,0.0023511137576843755,0.00015657586405204427,-0.004871716184655872,0.0,0.0,0.0,-0.001741294165443441,-0.0001505599865095908,0.0
2018,0.0,0.0,0.0,0.0,0.0,0.0,0.0030327375310188476,0.0,0.0,0.0,0.0,-0.00022141306787848425
2019,-0.003387705627544091,-0.005625865681016418,0.0011799523316922134,0.0,0.0,0.0,0.0,0.0,0.0,0.0,0.0,6.38660783929268e-05
2020,-0.0055650702763438975,0.0,0.0,0.0,0.0,0.0,0.0024294507940034737,0.0,0.0,0.0,0.0,0.0
2021,0.0,0.0,0.0014136020156785278,0.0,0.0,-0.002128802753064374,-0.0026295000887736064,0.0,0.0,0.0,0.0,0.0
2022,0.0,0.0,0.0,0.0,0.0,0.014850737334794584,0.0,0.0,0.0027062535400932397,-0.00021164276866481035,-0.0031579991389811823,0.0
2023,0.0,0.0,0.0,0.0,0.0,0.0,0.0,0.0,0.0,-0.0013499009490551828,0.0024610065824670624,0.0
2024,0.0,0.0,0.0,0.0,0.0,0.0,0.0,0.0,0.0,0.0,0.0,-2.669305903635344e-05
2025,0.004101757282070295,0.000820687196626757,0.0,0.0,0.0,0.0,0.0,0.0,0.0,0.0,-0.0037649330591137398,0.0
2026,-0.002381370895783941,-0.00582798913974325,-0.00029389391965373157,-0.0036340397367551347,-0.0003740709685228216,,,,,,,
