,total_contribution,avg_weight_all_days,avg_weight_when_held,days_held,pct_days_held,annual_turnover
SLV,0.04510680276541784,0.007691187181354577,0.04,792,0.19227967953386743,0.11012381646030589
XLK,0.04447852233590974,0.013243081075198676,0.03990362176206606,1367,0.3318766690944404,0.1468317552804079
GLD,0.04208786476758333,0.012369082531862934,0.03989682924725475,1277,0.3100267055110464,0.10599708114351455
QQQ,0.03470432206003911,0.01702069700139454,0.03992497206648309,1756,0.4263170672493324,0.12725418790968682
XLV,0.03455131186744514,0.010031561058509176,0.039999999999999994,1033,0.25078902646273366,0.09299344501092499
XLE,0.031383207786513434,0.0076134984219469555,0.04,784,0.19033746054867687,0.07586307356154406
XLF,0.02325525025500843,0.011245447924253263,0.039999999999999994,1158,0.2811361981063365,0.07831026948288419
XLY,0.020524133926733086,0.009915027919397744,0.04,1021,0.2478756979849478,0.08809905316824472
XLI,0.017862155826322328,0.008322408351541502,0.04,857,0.2080602087885409,0.11746540422432629
XLP,0.011800694715108957,0.007943675649429346,0.04,818,0.19859189123573684,0.08809905316824472
XLU,0.010963716599227187,0.009711094925952738,0.04,1000,0.24277737314882253,0.08565185724690459
IWM,0.005320790792286248,0.0063899004612769155,0.04,658,0.15974751153192523,0.08320466132556445
DIA,0.005306668606821241,0.004146637533381844,0.04000000000000001,427,0.10366593833454722,0.05873270211216315
XLRE,0.004914154097700503,0.003699927166788019,0.039999999999999994,381,0.09249817916970138,0.03426074289876184
TLT,0.003527408257398903,0.006513292291513459,0.03980452663018444,674,0.1636319495023064,0.06362709395484341
IEF,0.0034849098463751726,0.003039572711823236,0.04000000000000001,313,0.07598931779558145,0.04404952658412236
SPY,0.0026319495973710413,0.008011653313911016,0.04,825,0.20029133284777859,0.11257101238164603
XLB,0.0024373483313832444,0.003398883224083486,0.039999999999999994,350,0.08497208060208788,0.05873270211216315
