,2010,2011,2012,2013,2014,2015,2016,2017,2018,2019,2020,2021,2022,2023,2024,2025,2026
SPY,0.0,0.0,0.0001701646891536469,0.0019444403237387276,0.00010519220482998485,-0.0040172316915007885,-0.0014128467688081026,0.001707670174024738,-0.003943069321539325,0.0,-0.0018356226313117087,0.0023378575572016035,0.00023159972510014448,0.0035830664243445966,0.005462997933044296,-0.0012779389524013142,-0.0004243300685054584
QQQ,0.0,-0.0013378724645119445,-0.0025256356085489305,0.0012908047067257877,0.006002116776757042,0.0012157654477243265,-0.0019917045629637186,0.005650971549887593,-0.0015358259425482946,0.003392231042271883,0.009916903553708726,0.004660768297268563,-0.0036422984579915826,0.009710433342203837,0.002824945233283569,0.0028600890949151037,-0.0017873699481428542
IWM,0.0,-0.0036503837505033098,0.0,0.00820730140093286,-0.00195917300833508,-0.0027025271297934196,0.0,0.0025551191810619846,0.0019266472556402061,0.0,0.0,-0.0015718316138443995,0.0,0.0,0.0,0.0,0.002515638457127407
DIA,0.0,0.0,0.001107347150417448,0.0,0.0,0.0,0.0,0.008341114688876008,-0.004917588028093625,0.00032590012619739374,0.0,0.0,-0.0014199702929984827,0.00013706424948619402,0.0017328007129363068,0.0,0.0
XLK,0.0,0.0,-0.002732340393844992,0.0,0.003540696917113526,0.00419600811298654,0.004268826270875805,0.005712747279104846,0.0026739477050105394,0.0029877157825353162,0.00681594138442503,0.0038163996138045686,-0.005741180099895674,0.012719004576102057,0.004082897147454259,0.00204617237054892,9.168566968900117e-05
XLF,0.0,0.0,0.002001683672274277,0.009140705210442301,0.002877928903288427,-0.0037836080003655057,0.0,0.007425557077811269,-0.0018495840848683856,0.0,-0.0011539324990201695,0.0035309260305134145,-0.0020248775917365157,0.0,0.004425161808764142,0.0026652897279051757,0.0
XLE,0.0,0.0006413043602407063,-1.9344535909806545e-05,0.002437928979730355,-0.0005460544520556356,0.0,0.0,-0.0017449491997353975,0.0018106779671468543,0.0,0.0,0.0036758406250422607,0.02288997080180655,0.0005349500956666644,0.0005452322465166893,0.0,0.0011576508980641934
XLV,0.0,-0.002911745747617665,0.0036760465669475814,0.014762852213096771,0.007046069195876471,0.0035062356466510907,0.0007059515242183954,0.0007758412635090693,0.004616340472278848,0.001386042564894092,0.001543204426279146,0.0,0.0002735304044540589,-0.0008290566631427155,0.0,0.0,0.0
XLI,0.0,0.0034750200344701022,0.0,0.00014926129723352927,-9.78517114754171e-07,0.0,0.0029506842288992497,0.0024099476475511715,-0.00030239785258430615,0.0,-0.0009105824836618569,0.0007033603986958961,0.0040971232284201745,-0.0026099212615020707,0.002313087789773363,0.003491044794262881,0.0020965065218789465
XLY,0.0,-0.0008905075596189032,-0.0005941296837535101,0.01305212086150692,-0.001191183092727659,0.0025030699395948383,-0.0012642244474647326,0.0,0.0007126766090424978,0.00294728832949565,0.004551240892735251,0.002649989293478048,-0.004766837112964635,0.004278240728481903,0.002449247331678337,-0.003912858162750923,0.0
XLP,0.0,0.0017418567334016321,0.0006520536155311609,0.0019330401128474818,0.0,0.004827843065455065,0.001628291274952889,0.0,-0.0036947876990619296,0.002030429695209914,0.0,0.0,0.0014396914046145028,0.0013852735432685437,0.0,-0.00014299703111030136,0.0
XLU,0.0,0.0026709607410598402,-0.0012639711503338803,0.0,0.002751141117261011,-0.001897984710056777,0.005367176498135411,-9.883106624623218e-05,0.0,0.009706415349150514,-0.009473750002877531,0.0,0.0017435751487004138,-0.0007277092757940331,-3.203845752969053e-05,0.00491167160998832,-0.00269293920223018
XLB,0.0,0.0,0.0,0.0,0.001093806617318922,0.0,-0.0010042846649862681,0.00230367450109195,0.0005683223511564606,0.0,0.0,0.002048987207761779,-0.0001116133710572639,-0.003195930048871332,0.0,0.0,0.0007343857389689968
XLRE,0.0,0.0,0.0,0.0,0.0,0.0,0.0,0.0,0.0,0.00548471536856252,-0.0004654569166430278,0.004307053654415864,-0.004429377282303611,0.0,1.7219273668756235e-05,0.0,0.0
GLD,0.0,0.009892020226548138,0.0021609373079613547,0.0,0.0,0.0,-0.003502317287759262,0.00031384019909232565,-0.00038677945305818815,-0.0016421250699364307,0.009399197946693272,0.0008903344263551727,0.0007882180362439508,-0.0005733801872491461,0.005047015263009969,0.01711941540676814,0.002581487952914046
SLV,0.0,0.0005927670157255137,0.0028062351183090594,0.0011995753174635659,0.0,0.0,0.0031097473703494668,0.0008735934644716536,0.0,0.00190255353311104,0.017318586716807353,0.00034085616641214703,0.0,-0.003809065436967658,-0.0037013699311516167,0.01792026106746802,0.006553062363419292
TLT,0.0,0.0009365753028881627,-0.002483393310170877,0.0,0.0015516706135149773,0.0020863103035610037,8.707362860162183e-05,0.0,0.0,0.0036450197059483044,-0.0022958479869442903,0.0,0.0,0.0,0.0,0.0,0.0
IEF,0.0,-0.00025001953838525986,0.00022126256092057004,0.0,0.0,0.00015816373435391108,0.0001164061948066486,0.0,0.0,0.0024988441626423398,3.716942123456415e-05,0.0,0.0,0.0,0.0,0.0007030833108023992,0.0
