,avg_gross,max_gross
tech_equity,0.0302637780765935,0.08
precious_metals,0.020060269713217848,0.08
broad_equity,0.012158290847293031,0.08
financials,0.011245447924253457,0.04
healthcare,0.010031561058509345,0.04
consumer_disc,0.009915027919397914,0.04
utilities,0.009711094925952901,0.04
rates,0.009552865003336809,0.08
industrials,0.008322408351541636,0.04
consumer_staples,0.007943675649429473,0.04
energy,0.007613498421947074,0.04
small_cap,0.006389900461277009,0.04
real_estate,0.003699927166788055,0.04
materials,0.003398883224083515,0.04
