,ann_risk_contribution,pct_of_total_risk
QQQ,0.0037605417604892398,0.14552746731669486
SLV,0.0037581172955848,0.14543364407004242
XLK,0.003116241028902102,0.12059397112651526
XLU,0.001985568940478726,0.07683861461838142
XLY,0.001769379461471229,0.06847239790167522
GLD,0.0017185387583484905,0.06650493703213031
XLE,0.0015659661134326901,0.060600598771699134
XLF,0.001340966731412661,0.051893451690599716
XLV,0.0013253338125679209,0.05128848059038609
SPY,0.0012112718044939386,0.04687444766394319
IWM,0.0011931090621145131,0.04617157609214618
XLI,0.0008727182182990189,0.03377291892476461
XLP,0.0007070915965857119,0.027363410850315757
DIA,0.00048673203186562117,0.018835817914197937
XLRE,0.00044699496570979065,0.017298051559091265
XLB,0.00037590953792004836,0.014547149447577646
TLT,0.0001698239292201109,0.0065719377374916154
IEF,3.646459980207755e-05,0.0014111266923473335
