window,strategy,trades,win_rate,total_return_pct,avg_win_dollar,avg_loss_dollar,expectancy_per_trade_dollar,profit_factor,payoff_ratio,max_drawdown_pct,total_cost
jan_jun_2022,bear_put,10,0.7,0.6489999999999441,158.54285714285714,-153.60000000000008,64.89999999999998,2.4084201388888875,1.032180059523809,-0.4366738435051753,508.00000000000045
jul_sep_2022,bear_put,5,0.6,-0.0285000000000312,163.73333333333335,-259.8500000000001,-5.700000000000031,0.9451606696170866,0.6301071130780577,-0.5565000000000153,291.4999999999999
oct_dec_2022,bear_put,5,0.2,-0.3250000000000308,121.40000000000036,-111.59999999999998,-64.99999999999991,0.271953405017922,1.087813620071688,-0.6914192357861504,155.99999999999997
jan_sep_2022,bear_put,15,0.6666666666666666,0.5089999999999151,160.1,-218.4000000000001,33.933333333333294,1.4661172161172156,0.7330586080586077,-0.8621672673908676,782.0000000000003
jan_dec_2022,bear_put,19,0.5263157894736842,0.1465999999998857,174.75000000000003,-177.8777777777778,7.715789473684225,1.0915734899119247,0.9824161409207322,-1.0109022761414788,911.4000000000002
jan_jun_2022,bull_call,8,0.125,-1.2658000000000502,258.90000000000015,-217.8142857142857,-158.225,0.1698038958483637,1.188627270938546,-1.3790000000000413,134.7999999999998
jul_sep_2022,bull_call,5,0.4,-0.5115000000000314,157.3999999999999,-275.43333333333345,-102.30000000000013,0.3809754326515789,0.5714631489773684,-1.0488049889102349,80.50000000000031
oct_dec_2022,bull_call,4,0.5,-0.0404000000000182,171.65000000000003,-191.85000000000016,-10.100000000000064,0.8947094083919723,0.8947094083919723,-0.5987499502368765,101.3999999999999
jan_sep_2022,bull_call,13,0.3076923076923077,-1.621300000000081,181.02500000000003,-260.6000000000001,-124.71538461538464,0.3087319860151786,0.6946469685341519,-1.621300000000081,217.3
jan_dec_2022,bull_call,17,0.3529411764705882,-1.6762000000000945,177.9,-249.4181818181819,-98.60000000000004,0.3890508820527772,0.7132599504300916,-1.761400000000091,318.19999999999993
jan_jun_2022,bull_put,11,0.1818181818181818,-1.470100000000063,60.14999999999996,-176.71111111111108,-133.64545454545453,0.0756413480885311,0.3403860663983902,-1.7382000000000564,270.09999999999985
jul_sep_2022,bull_put,6,0.5,-0.9376000000000384,87.89999999999999,-400.4333333333332,-156.26666666666662,0.2195121951219512,0.2195121951219512,-1.1981405034923065,174.59999999999985
oct_dec_2022,bull_put,5,0.8,0.104499999999974,73.775,-190.6,20.900000000000013,1.5482686253934943,0.3870671563483736,-0.2767078937505496,75.49999999999993
jan_sep_2022,bull_put,16,0.3125,-2.359600000000095,72.29999999999998,-247.3727272727272,-147.47499999999997,0.1328506853845871,0.2922715078460916,-2.359600000000095,419.5999999999997
jan_dec_2022,bull_put,21,0.4761904761904761,-2.073100000000128,79.1,-260.3727272727272,-98.7190476190476,0.2761775077685835,0.3037952585454418,-2.370300000000092,492.0999999999997
